{
    "Filename": "Conza 0",
    "Mese di partenza": "October",
    "S": 0.0,
    "Winv tot": 74.0,
    "Winv aut": 47.0,
    "Wo": 18.5,
    "A": 83.66,
    "A'": 0.0,
    "P ev": 0.0,
    "P inf": 0.0,
    "D ec": 0.0,
    "E pot": 30.0,
    "E irr": 0.0,
    "E ind": 0.0,
    "E tra": 0.0,
    "Cj(A)": [
        0.024862539,
        0.093951709,
        0.154793211,
        0.171169017,
        0.169256514,
        0.183122161,
        0.081879034,
        0.04661726,
        0.027611762,
        0.01745159,
        0.013148458,
        0.016136744
    ],
    "Cj(A')": [
        0.0,
        0.0,
        0.0,
        0.0,
        0.0,
        0.0,
        0.0,
        0.0,
        0.0,
        0.0,
        0.0,
        0.0
    ],
    "Cj(ev)": [
        0.0,
        0.0,
        0.0,
        0.0,
        0.0,
        0.0,
        0.0,
        0.0,
        0.0,
        0.0,
        0.0,
        0.0
    ],
    "Cj(inf)": [
        0.0,
        0.0,
        0.0,
        0.0,
        0.0,
        0.0,
        0.0,
        0.0,
        0.0,
        0.0,
        0.0,
        0.0
    ],
    "Cj(ec)": [
        0.0,
        0.0,
        0.0,
        0.0,
        0.0,
        0.0,
        0.0,
        0.0,
        0.0,
        0.0,
        0.0,
        0.0
    ],
    "Cj(pot)": [
        0.083333333,
        0.083333333,
        0.083333333,
        0.083333333,
        0.083333333,
        0.083333333,
        0.083333333,
        0.083333333,
        0.083333333,
        0.083333333,
        0.083333333,
        0.083333333
    ],
    "Cj(irr)": [
        0.0,
        0.0,
        0.0,
        0.0,
        0.0,
        0.0,
        0.05,
        0.14,
        0.22,
        0.25,
        0.23,
        0.11
    ],
    "Cj(ind)": [
        0.083333333,
        0.083333333,
        0.083333333,
        0.083333333,
        0.083333333,
        0.083333333,
        0.083333333,
        0.083333333,
        0.083333333,
        0.083333333,
        0.083333333,
        0.083333333
    ],
    "Cj(tra)": [
        0.142857143,
        0.142857143,
        0.142857143,
        0.142857143,
        0.142857143,
        0.142857143,
        0.142857143,
        0.0,
        0.0,
        0.0,
        0.0,
        0.0
    ],
    "A j": [
        2.08000001274,
        7.859999974939999,
        12.95000003226,
        14.31999996222,
        14.159999961239999,
        15.31999998926,
        6.84999998444,
        3.8999999716,
        2.31000000892,
        1.4600000193999998,
        1.09999999628,
        1.3500000030400001
    ],
    "A' j": [
        0.0,
        0.0,
        0.0,
        0.0,
        0.0,
        0.0,
        0.0,
        0.0,
        0.0,
        0.0,
        0.0,
        0.0
    ],
    "P ev j": [
        0.0,
        0.0,
        0.0,
        0.0,
        0.0,
        0.0,
        0.0,
        0.0,
        0.0,
        0.0,
        0.0,
        0.0
    ],
    "P inf j": [
        0.0,
        0.0,
        0.0,
        0.0,
        0.0,
        0.0,
        0.0,
        0.0,
        0.0,
        0.0,
        0.0,
        0.0
    ],
    "D ec j": [
        0.0,
        0.0,
        0.0,
        0.0,
        0.0,
        0.0,
        0.0,
        0.0,
        0.0,
        0.0,
        0.0,
        0.0
    ],
    "E pot j": [
        2.49999999,
        2.49999999,
        2.49999999,
        2.49999999,
        2.49999999,
        2.49999999,
        2.49999999,
        2.49999999,
        2.49999999,
        2.49999999,
        2.49999999,
        2.49999999
    ],
    "E irr j": [
        0.0,
        0.0,
        0.0,
        0.0,
        0.0,
        0.0,
        0.0,
        0.0,
        0.0,
        0.0,
        0.0,
        0.0
    ],
    "E ind j": [
        0.0,
        0.0,
        0.0,
        0.0,
        0.0,
        0.0,
        0.0,
        0.0,
        0.0,
        0.0,
        0.0,
        0.0
    ],
    "E tra j": [
        0.0,
        0.0,
        0.0,
        0.0,
        0.0,
        0.0,
        0.0,
        0.0,
        0.0,
        0.0,
        0.0,
        0.0
    ],
    "A*": [
        2.08000001274,
        9.939999987679998,
        22.890000019939997,
        37.20999998216,
        51.369999943399996,
        66.68999993266,
        73.5399999171,
        77.4399998887,
        79.74999989762,
        81.20999991702,
        82.3099999133,
        83.65999991634
    ],
    "A'*": [
        0.0,
        0.0,
        0.0,
        0.0,
        0.0,
        0.0,
        0.0,
        0.0,
        0.0,
        0.0,
        0.0,
        0.0
    ],
    "P ev*": [
        0.0,
        0.0,
        0.0,
        0.0,
        0.0,
        0.0,
        0.0,
        0.0,
        0.0,
        0.0,
        0.0,
        0.0
    ],
    "P inf*": [
        0.0,
        0.0,
        0.0,
        0.0,
        0.0,
        0.0,
        0.0,
        0.0,
        0.0,
        0.0,
        0.0,
        0.0
    ],
    "D ec*": [
        0.0,
        0.0,
        0.0,
        0.0,
        0.0,
        0.0,
        0.0,
        0.0,
        0.0,
        0.0,
        0.0,
        0.0
    ],
    "E pot*": [
        2.49999999,
        4.99999998,
        7.49999997,
        9.99999996,
        12.49999995,
        14.999999939999999,
        17.499999929999998,
        19.999999919999997,
        22.499999909999996,
        24.999999899999995,
        27.499999889999994,
        29.999999879999994
    ],
    "E irr*": [
        0.0,
        0.0,
        0.0,
        0.0,
        0.0,
        0.0,
        0.0,
        0.0,
        0.0,
        0.0,
        0.0,
        0.0
    ],
    "E ind*": [
        0.0,
        0.0,
        0.0,
        0.0,
        0.0,
        0.0,
        0.0,
        0.0,
        0.0,
        0.0,
        0.0,
        0.0
    ],
    "E tra*": [
        0.0,
        0.0,
        0.0,
        0.0,
        0.0,
        0.0,
        0.0,
        0.0,
        0.0,
        0.0,
        0.0,
        0.0
    ],
    "Etot j": [
        2.49999999,
        2.49999999,
        2.49999999,
        2.49999999,
        2.49999999,
        2.49999999,
        2.49999999,
        2.49999999,
        2.49999999,
        2.49999999,
        2.49999999,
        2.49999999
    ],
    "Etot*": [
        2.49999999,
        4.99999998,
        7.49999997,
        9.99999996,
        12.49999995,
        14.999999939999999,
        17.499999929999998,
        19.999999919999997,
        22.499999909999996,
        24.999999899999995,
        27.499999889999994,
        29.999999879999994
    ],
    "Aitot j": [
        2.08000001274,
        7.859999974939999,
        12.95000003226,
        14.31999996222,
        14.159999961239999,
        15.31999998926,
        6.84999998444,
        3.8999999716,
        2.31000000892,
        1.4600000193999998,
        1.09999999628,
        1.3500000030400001
    ],
    "Aitot*": [
        2.08000001274,
        9.939999987679998,
        22.890000019939997,
        37.20999998216,
        51.369999943399996,
        66.68999993266,
        73.5399999171,
        77.4399998887,
        79.74999989762,
        81.20999991702,
        82.3099999133,
        83.65999991634
    ],
    "w j": [
        -0.41999997726000027,
        5.359999984939999,
        10.450000042260001,
        11.81999997222,
        11.659999971239998,
        12.819999999259998,
        4.34999999444,
        1.3999999815999997,
        -0.18999998108000016,
        -1.0399999706000003,
        -1.39999999372,
        -1.14999998696
    ],
    "W j": [
        18.08000002274,
        23.85999998494,
        28.95000004226,
        30.31999997222,
        30.159999971239998,
        31.31999999926,
        22.84999999444,
        19.8999999816,
        18.31000001892,
        17.4600000294,
        17.10000000628,
        17.35000001304
    ],